{
    "1": 96.0088691796009,
    "2": 94.45676274944567,
    "3": 95.34368070953437,
    "4": 95.34368070953437,
    "5": 94.90022172949001,
    "6": 95.1219512195122,
    "7": 94.90022172949001,
    "8": 94.45676274944567,
    "9": 94.45676274944567,
    "10": 94.2350332594235,
    "11": 93.34811529933481,
    "12": 92.23946784922394,
    "13": 92.6829268292683,
    "14": 92.23946784922394,
    "15": 92.23946784922394,
    "16": 91.35254988913526,
    "17": 92.23946784922394,
    "18": 92.01773835920177,
    "19": 91.7960088691796,
    "20": 91.13082039911308,
    "21": 90.68736141906874,
    "22": 90.46563192904657,
    "23": 90.46563192904657,
    "24": 89.57871396895787,
    "25": 89.57871396895787,
    "26": 89.57871396895787,
    "27": 89.3569844789357,
    "28": 89.3569844789357,
    "29": 89.13525498891353,
    "30": 88.470066518847,
    "31": 88.470066518847,
    "32": 88.02660753880266,
    "33": 88.02660753880266,
    "34": 87.13968957871397,
    "35": 87.13968957871397,
    "36": 86.91796008869179,
    "37": 86.69623059866962,
    "38": 86.69623059866962,
    "39": 86.69623059866962,
    "40": 85.80931263858092,
    "41": 86.0310421286031,
    "42": 85.58758314855875,
    "43": 85.80931263858092,
    "44": 85.36585365853658,
    "45": 84.92239467849224,
    "46": 84.70066518847007,
    "47": 84.92239467849224,
    "48": 84.92239467849224,
    "49": 84.03547671840354,
    "50": 83.14855875831486,
    "51": 82.92682926829268,
    "52": 82.92682926829268,
    "53": 82.70509977827051,
    "54": 82.48337028824834,
    "55": 82.48337028824834,
    "56": 82.48337028824834,
    "57": 82.26164079822617,
    "58": 82.70509977827051,
    "59": 82.70509977827051,
    "60": 82.48337028824834,
    "61": 82.039911308204,
    "62": 81.59645232815964,
    "63": 81.59645232815964,
    "64": 81.81818181818183,
    "65": 81.1529933481153,
    "66": 81.37472283813747,
    "67": 81.1529933481153,
    "68": 81.1529933481153,
    "69": 80.93126385809313,
    "70": 80.70953436807096,
    "71": 80.48780487804879,
    "72": 80.04434589800444,
    "73": 79.82261640798227,
    "74": 79.6008869179601,
    "75": 79.6008869179601,
    "76": 79.37915742793791,
    "77": 79.82261640798227,
    "78": 79.6008869179601,
    "79": 79.82261640798227,
    "80": 79.82261640798227,
    "81": 80.04434589800444,
    "82": 79.6008869179601,
    "83": 79.15742793791574,
    "84": 79.15742793791574,
    "85": 78.93569844789357,
    "86": 79.15742793791574,
    "87": 79.15742793791574,
    "88": 79.15742793791574,
    "89": 79.15742793791574,
    "90": 79.15742793791574,
    "91": 79.15742793791574,
    "92": 78.93569844789357,
    "93": 78.93569844789357,
    "94": 78.93569844789357,
    "95": 78.93569844789357,
    "96": 78.7139689578714,
    "97": 78.7139689578714,
    "98": 78.49223946784922,
    "99": 77.60532150776052,
    "100": 77.38359201773835,
    "101": 76.71840354767184,
    "102": 76.71840354767184,
    "103": 76.49667405764967,
    "104": 76.27494456762749,
    "105": 75.83148558758315,
    "106": 76.05321507760532,
    "107": 75.60975609756098,
    "108": 75.60975609756098,
    "109": 75.16629711751663,
    "110": 75.3880266075388,
    "111": 75.3880266075388,
    "112": 75.3880266075388,
    "113": 74.72283813747228,
    "114": 74.72283813747228,
    "115": 74.72283813747228,
    "116": 74.94456762749445,
    "117": 74.72283813747228,
    "118": 74.72283813747228,
    "119": 74.05764966740577,
    "120": 74.27937915742794,
    "121": 74.27937915742794,
    "122": 74.05764966740577,
    "123": 74.05764966740577,
    "124": 73.8359201773836,
    "125": 74.05764966740577,
    "126": 73.8359201773836,
    "127": 73.61419068736141,
    "128": 73.61419068736141,
    "129": 73.61419068736141,
    "130": 73.39246119733924,
    "131": 73.39246119733924,
    "132": 73.39246119733924,
    "133": 73.17073170731707,
    "134": 73.39246119733924,
    "135": 72.72727272727273,
    "136": 72.9490022172949,
    "137": 72.72727272727273,
    "138": 72.28381374722838,
    "139": 72.06208425720621,
    "140": 72.06208425720621,
    "141": 71.84035476718404,
    "142": 71.84035476718404,
    "143": 71.61862527716187,
    "144": 71.17516629711751,
    "145": 70.95343680709534,
    "146": 70.95343680709534,
    "147": 70.73170731707317,
    "148": 70.28824833702882,
    "149": 69.84478935698448,
    "150": 69.62305986696231,
    "151": 69.84478935698448,
    "152": 69.84478935698448,
    "153": 69.84478935698448,
    "154": 69.84478935698448,
    "155": 69.84478935698448,
    "156": 69.84478935698448,
    "157": 69.84478935698448,
    "158": 69.84478935698448,
    "159": 69.84478935698448,
    "160": 69.84478935698448,
    "161": 69.84478935698448,
    "162": 70.06651884700665,
    "163": 70.06651884700665,
    "164": 70.06651884700665,
    "165": 69.84478935698448,
    "166": 69.84478935698448,
    "167": 69.17960088691795,
    "168": 69.17960088691795,
    "169": 69.40133037694012,
    "170": 69.40133037694012,
    "171": 69.17960088691795,
    "172": 68.51441241685144,
    "173": 68.07095343680709,
    "174": 68.29268292682927,
    "175": 68.07095343680709,
    "176": 67.84922394678492,
    "177": 67.40576496674058,
    "178": 67.40576496674058,
    "179": 66.96230598669624,
    "180": 66.74057649667405,
    "181": 66.51884700665188,
    "182": 66.74057649667405,
    "183": 66.74057649667405,
    "184": 66.74057649667405,
    "185": 66.74057649667405,
    "186": 66.51884700665188,
    "187": 66.29711751662971,
    "188": 66.29711751662971,
    "189": 66.07538802660754,
    "190": 65.85365853658537,
    "191": 65.41019955654102,
    "192": 65.6319290465632,
    "193": 65.18847006651885,
    "194": 64.96674057649668,
    "195": 64.7450110864745,
    "196": 64.7450110864745,
    "197": 64.7450110864745,
    "198": 64.52328159645234,
    "199": 64.30155210643017,
    "200": 64.30155210643017,
    "201": 64.30155210643017,
    "202": 64.30155210643017,
    "203": 64.30155210643017,
    "204": 64.30155210643017,
    "205": 64.07982261640798,
    "206": 64.07982261640798,
    "207": 64.07982261640798,
    "208": 64.07982261640798,
    "209": 63.8580931263858,
    "210": 63.8580931263858,
    "211": 63.8580931263858,
    "212": 64.07982261640798,
    "213": 63.8580931263858,
    "214": 63.8580931263858,
    "215": 63.8580931263858,
    "216": 63.8580931263858,
    "217": 63.8580931263858,
    "218": 63.8580931263858,
    "219": 63.8580931263858,
    "220": 63.8580931263858,
    "221": 63.8580931263858,
    "222": 63.8580931263858,
    "223": 63.63636363636363,
    "224": 63.63636363636363,
    "225": 63.63636363636363,
    "226": 63.63636363636363,
    "227": 63.41463414634146,
    "228": 63.41463414634146,
    "229": 63.19290465631929,
    "230": 63.19290465631929,
    "231": 63.19290465631929,
    "232": 62.97117516629712,
    "233": 62.74944567627494,
    "234": 62.74944567627494,
    "235": 62.74944567627494,
    "236": 62.74944567627494,
    "237": 62.74944567627494,
    "238": 62.74944567627494,
    "239": 62.74944567627494,
    "240": 62.74944567627494,
    "241": 62.74944567627494,
    "242": 62.97117516629712,
    "243": 62.97117516629712,
    "244": 62.74944567627494,
    "245": 62.52771618625277,
    "246": 62.52771618625277,
    "247": 62.52771618625277,
    "248": 62.74944567627494,
    "249": 62.74944567627494,
    "250": 62.52771618625277,
    "251": 62.52771618625277,
    "252": 62.08425720620843,
    "253": 62.3059866962306,
    "254": 62.3059866962306,
    "255": 62.3059866962306,
    "256": 62.08425720620843,
    "257": 61.86252771618626,
    "258": 61.4190687361419,
    "259": 61.4190687361419,
    "260": 61.4190687361419,
    "261": 61.86252771618626,
    "262": 61.4190687361419,
    "263": 61.4190687361419,
    "264": 61.4190687361419,
    "265": 61.4190687361419,
    "266": 61.4190687361419,
    "267": 61.4190687361419,
    "268": 61.4190687361419,
    "269": 61.4190687361419,
    "270": 61.4190687361419,
    "271": 61.4190687361419,
    "272": 61.4190687361419,